Data,Cidade,Cargo,Nota
16/01/2021 11:00:05,Belo Horizonte ,Especialista em Políticas Públicas e Gestão Governamental - EPPGG,5
14/01/2021 17:16:07,Brasília,Analista de Programas,2
07/01/2021 11:46:03,RIBEIRÃO PRETO,AGENTE DE ADMINISTRAÇÃO,5
29/01/2021 11:36:03,Belo Horizonte,Chefe da Assessoria Estratégica,5
07/01/2021 11:55:23,Rio de Janeiro,Assistente na Coordenadoria de Monitoramento e Avaliação ,5
07/01/2021 12:29:09,Ribeirão Preto,Agente de Administração ,3
23/01/2021 08:25:17,RIO DE JANEIRO,Estagiário do acervo de dados técnicos.,5
07/01/2021 12:40:11,Ribeirão Preto,Coordenador de TI,5
07/01/2021 12:47:36,Rio de janeiro,Analista de planejamento e orçamento,2
27/01/2021 02:21:37,Brasília,Técnico em Química (ANP) / Coordenador de Dados (Galt),5
07/01/2021 16:41:28,Porto Velho,Defensor público,4
08/01/2021 16:20:33,Salvador,Analista de Sistemas,5
07/01/2021 17:07:21,SÀO BERNARDO DO CAMPO,SOCIÓLOGO,5
28/01/2021 11:45:33,Rio de Janeiro,secretário ,5
21/01/2021 15:27:24,Brasília,Coordenador de Tecnologia e Pesquisa,4
07/01/2021 17:51:01,São Paulo ,Analista de Políticas Públicas,5
07/01/2021 19:46:50,São Luís ,Chefe de Divisão de Geoprocessamento ,5
07/01/2021 20:10:47,Rio de Janeiro,Coordenador de dados,5
07/01/2021 20:19:23,Recife,Gestor Governamental,4
24/01/2021 16:19:16,São Bernardo do Campo,Monitoramento e análise de dados do impacto do COVID-19 nos povos indígenas no Brasil,5
25/01/2021 13:59:06,Brumadinho,Assessor Parlamentar,3
07/01/2021 21:49:22,São Paulo,Coordenadora,3
07/01/2021 22:10:47,Brasília ,Coordenador de Projeto,5
22/01/2021 20:17:32,Rio de Janeiro,Vice presidente,3
22/01/2021 09:45:48,Vitória,Articulador Local,4
08/01/2021 00:00:58,Salvador,Pesquisadora e doutoranda,3
08/01/2021 00:21:56,Brasilia,Analista de Rede,3
08/01/2021 12:01:07,Belo Horizonte,Analista de projetos ,3
08/01/2021 16:53:44,Belo Horizonte,Analista Financeiro,5
08/01/2021 04:16:49,Porto alegre,Analista de dados,5
08/01/2021 05:23:25,São Paulo ,Coordenador de Administração e Finanças ,5
08/01/2021 06:33:02,são paulo,membro.,5
08/01/2021 07:52:45,Jundiaí,Atendente,3
11/01/2021 15:06:59,Jaboticabal,Responsável pela Vigilância Socioassistencial,5
21/01/2021 10:27:32,Brasília,Gerente de Projetos,5
08/01/2021 08:24:26,Feira de Santana,Jornalista,2
07/01/2021 23:15:58,Osasco,Analista de Processos,3
08/01/2021 09:43:47,Fortaleza,Coordenadora da Educação em Tempo Integral do Estado do Ceará,5
18/01/2021 15:27:47,RECIFE,Analista ,5
20/01/2021 16:21:28,são paulo,ADMINISTRAÇÃO-TI,3
11/01/2021 10:40:15,Santana de PArnaíba,Advogado,5
08/01/2021 09:45:10,Caruaru,Assistente Técnico Pedagógico,5
08/01/2021 10:01:25,Fortaleza ,Articulador,5
08/01/2021 10:47:40,SP,Pesquisadora Voluntária,2
08/01/2021 10:50:16,João Pessoa,Cientista de Dados,5
08/01/2021 11:25:52,Fortaleza,Orientador,4
08/01/2021 11:27:06,São Paulo,Professor,4
22/01/2021 13:57:31,Brasilia,Assistente Legislativo,5
22/01/2021 16:11:58,brasilia ,Assistente legislativo (analista de sistema),5
24/01/2021 20:44:04,Brasília,Consultor Técnico Legislativo - TI,3
22/01/2021 07:58:31,Botucatu,Assessor Legislativo ,4
07/01/2021 18:12:26,Botucatu,Assessor Legislativo,4
08/01/2021 11:53:19,Osasco,Chefe da Divisão de Estudos Socioeconômicos,5
08/01/2021 11:53:36,Belo Horizonte,Gerente Geral,2
08/01/2021 11:58:58,Fortaleza,Assessor de Indicadores Educacionais,5
08/01/2021 12:02:52,Florianópolis,Líder de equipe de desenvolvimento de Software,4
08/01/2021 12:03:02,Rio de Janeiro,Assessora de Governança e Relações Institucionais,4
08/01/2021 12:19:48,CARUARU ,Gerente Geral ,4
22/01/2021 15:31:35,Rio de Janeiro,Assessora parlamentar - Articuladora da Pauta Direito a Cidade ,3
08/01/2021 12:48:36,Santos,Arquiteto,3
08/01/2021 12:50:03,Caruaru,Coordenadora,4
08/01/2021 13:22:14,Salvador,Analista de TIC,5
08/01/2021 13:23:55,São Paulo ,Voluntário ,5
08/01/2021 14:10:03,Belo Horizonte,Assessora,1
29/01/2021 22:33:05,Belém,Instrutor e desenvolvedor,3
08/01/2021 14:44:09,SÃO PAULO,Pesquisador,4
08/01/2021 15:01:02,Florianópolis,Coordenadora de Relações Governamentais,3
08/01/2021 15:14:47,Fortaleza,Coordenador de Tecnologia da Informação e Comunicação,5
08/01/2021 15:43:00,Fortaleza,ANALISTA,5
08/01/2021 15:48:31,Vitória,Trainee de gestão pública,4
08/01/2021 15:50:32,Vila Velha,Trainee de Gestão da Inovação em Políticas Públicas,5
08/01/2021 13:31:52,São Paulo,Coordenador de Projetos Sociais,3
08/01/2021 16:26:07,Santa Rita ,Assessor de Tecnologia de Gestão Educacional ,5
08/01/2021 16:26:15,Aracati,Controladora Geral do Município ,2
21/01/2021 21:57:16,Rio de Janeiro,Assistente ,4
17/01/2021 15:03:10,Brasília,Coordenador de Governança da Informação,5
08/01/2021 16:54:59,Boa Vista,Assessor Pedagógico - Divisão de Fortalecimento do Currículo,5
26/01/2021 13:46:05,Florianópolis ,AUDITOR,3
11/01/2021 15:00:23,Brasília,Profissinal Tecnico Especializado,3
11/01/2021 14:59:20,Rio de Janeiro,Especialista Telecomunicações,5
08/01/2021 17:50:43,CARUARU,Gerente de Planejamento e Gestão da Rede,4
25/01/2021 14:40:20,Rio de Janeiro,Assistente da Direção Adjunta de Ensino,5
15/01/2021 19:12:37,São Paulo,Gestão,3
08/01/2021 21:13:41,sÃO paULO,GESTOR DE TRANSITO,3
21/01/2021 08:44:06,RIO DE JANEIRO,Co-Fundadora e produtora,3
09/01/2021 01:10:26,Caruaru,Gerente de TI,3
21/01/2021 11:09:19,Salvador,Analista de Geoprocessamento,4
25/01/2021 08:52:56,Vitória,Trainee de Gestão pública,4
08/01/2021 15:18:48,Goiânia,Assessor de Planejamento e Projeto,4
09/01/2021 03:01:00,ITABAIANINHA,JORNALISTA,3
09/01/2021 06:00:04,Vitória,Trainee de Gestão Pública no LAB.ges (laboratório de inovação em gestão),3
09/01/2021 08:40:55,Caruaru ,Gerente de Educação Infantil ,5
08/01/2021 14:51:35,São Bernardo do Campo,Estagiária de Comunicação,3
09/01/2021 09:50:50,Rio de Janeiro,Gerente I na Coordenadoria de Informações e Monitoramento da Juventude,4
12/01/2021 15:37:32,BELO HORIZONTE,Agente governamental,4
09/01/2021 13:08:58,Jacobina,Consultor,4
27/01/2021 16:41:03,São Mateus,Assessora de Controladoria,5
22/01/2021 16:03:30,Brasília ,Gerente de Transparência Passiva,4
23/01/2021 10:28:35,Brasília ,Gerente de Transparência Passiva,4
09/01/2021 14:02:09,Curitiba,DAS 5 - função: analista de dados,5
17/01/2021 13:35:22,Goiânia,Estagiária,2
09/01/2021 20:55:45,Diadema,Economista,3
22/01/2021 12:29:55,Cuiabá,jornalista e estagiária de pós-graduação na Assessoria de Comunicação,3
10/01/2021 10:59:37,São Paulo,Voluntário,2
10/01/2021 12:43:04,Salvador,ASSESSOR JURÍDICO,5
19/01/2021 15:59:22,RIO BRANCO,TÉCNICO EM GESTÃO PÚBLICA,3
10/01/2021 22:20:31,Belo Horizonte,Eppgg,5
11/01/2021 10:08:35,Aracaju ,Estudante ,3
11/01/2021 10:15:57,Manaus ,Jornalista,3
22/01/2021 10:49:02,SAPUCAIA DO SUL,SOLDADO,3
28/01/2021 16:51:01,Florianópolis,Psicóloga,3
11/01/2021 11:23:45,Fortaleza,Gestora de Projetos,5
11/01/2021 11:37:30,Ipatinga,Oficial de Administração II,5
11/01/2021 12:37:24,Curionópolis ,Oficial de registro,5
11/01/2021 12:43:21,Rio de Janeiro,Jornalista ,2
26/01/2021 14:33:10,Rio de Janeiro,Coordenador operacional,5
11/01/2021 14:38:10,Curitiba,Agente de Tratamento de Dados Educacionais,5
11/01/2021 15:06:41,Colombo,"Chefe do Departamento de Governança de Dados, encarregada pelos Dados Educacionais",5
15/01/2021 15:11:16,Belo Horizonte,Comissionado/técnico,4
11/01/2021 15:34:04,Curitiba,Assistente do Chefe de Departamento de Governança de Dados Educacionais e Agente de Tratamento de Dados,5
07/01/2021 16:41:42,Porto Alegre,Analista Processual na Corregedoria,3
28/01/2021 10:43:07,Joinville,Agente Administrativo,4
14/01/2021 21:13:18,Recife,Coordenação de Políticas Públicas ,3
11/01/2021 16:03:01,Curitiba,Agente de Tratamento de Dados,5
11/01/2021 16:17:11,São Paulo,Assistente Técnico,5
21/01/2021 10:52:13,Santos,Professor PEB II,1
21/01/2021 07:42:25,São Paulo,Professor de Educação Básica II,4
29/01/2021 20:27:27,Manaus,Representante legal ,1
11/01/2021 16:25:01,Curitiba,Agente de tratamento de dados,5
11/01/2021 16:41:35,Colombo,Agente de Tratamento de Dados,5
11/01/2021 16:43:02,Brasília,Assessora Técnica,5
22/01/2021 20:30:45,Sinop,Diretora ,4
11/01/2021 16:59:07,Curitiba,Agente de Tratamento de Dados,5
17/01/2021 23:36:08,Dionísio ,Diretora,3
11/01/2021 17:17:29,Curitiba,Agente de Tratamento de Dados,5
11/01/2021 18:47:36,Natal,Analista de Controle Externo,5
11/01/2021 19:33:45,Divinópolis,Professor/Pesquisador,4
29/01/2021 09:23:45,Candelária,estudante,4
11/01/2021 22:05:23,São Sebastião ,Coordenadora do Programa Governo Aberto,5
11/01/2021 23:11:44,São Paulo,Pesquisadora de iniciação cientifica ,3
11/01/2021 23:13:40,SÃO PAULO,Comissão de Direitos Humanos,2
12/01/2021 10:14:09,Maceió,Serviços Administrativos,5
12/01/2021 10:20:41,Caruaru,Gerente,5
12/01/2021 11:12:20,João Pessoa,Articulador e Ponto Focal de João Pessoa,4
19/01/2021 20:22:36,São Paulo,Analista / Pesquisador,3
14/01/2021 16:02:03,RIO DE JANEIRO,ANALISTA DE MERCADO,5
12/01/2021 12:13:50,Nova Iguaçu,Coordenadora da IDMJR,4
12/01/2021 12:38:04,Itaquaquecetuba,Professor e organização do núcleo.,3
12/01/2021 15:32:27,Feira de Santana,Analista de Dados Jr,3
29/01/2021 12:03:56,Ananindeua,Pedagoga,2
29/01/2021 14:34:35,Ananindeua ,Coordenação pedagógica geral ,2
29/01/2021 12:41:56,Belém ,Coordenador de Planejamento e Pesquisa,3
12/01/2021 16:00:18,Belo Horizonte,Diretor de Transparência,5
12/01/2021 17:51:25,Franca,Secretario de Planejamento,5
29/01/2021 11:56:06,Belém,Professor e Coordenador Adjunto de Planejamento e Pesquisa,3
29/01/2021 12:23:41,Belém ,Coordenadora ,3
12/01/2021 18:41:56,SABARÁ,Diretoria e Assessoramento 2  ,3
12/01/2021 21:09:25,Santos,Assessor Técnico,5
19/01/2021 10:37:30,"São Paulo, SP",Analista de Políticas Públicas,5
13/01/2021 00:12:44,SP,estudante,4
13/01/2021 11:10:36,Caruaru,CONTROLADORA GERAL,5
22/01/2021 13:34:52,Belo Horizonte,Técnico,5
22/01/2021 14:21:46,Belo Horizonte,Pesquisador,4
25/01/2021 15:05:11,Belo Horizonte,técnico de pesquisa,3
27/01/2021 01:24:01,Belo Horizonte,Coordenador,3
13/01/2021 14:12:27,Brasília,Auxiliar Administrativo,4
13/01/2021 16:16:59,Brasília,Assessor Especial,4
26/01/2021 13:02:23,Vespasiano,Gestor cultural,4
13/01/2021 17:17:35,Belo Horizonte,Assessor Chefe de Planejamento e Gestão - Subsecretaria de Segurança Alimentar e Nutricional,4
15/01/2021 16:27:00,Maricá,Assessora de Planejamento,5
13/01/2021 19:24:04,Crato,Assessor de Planejamento e Engenharia,3
14/01/2021 08:09:20,São Paulo,Assessora Técnica de Gabinete,5
14/01/2021 11:50:34,São Paulo,Gestor de Mídias Sociais,3
14/01/2021 12:03:51,Recife,Coordenadora do Núcleo de Segurança Alimentar e Agricultura,4
19/01/2021 11:28:24,RIo de Janeiro,Gerente da Bacia de Sepetiba,4
11/01/2021 16:55:51,São Paulo,Assessoria,5
14/01/2021 12:04:03,São Paulo,analista de projetos senior,5
21/01/2021 17:08:28,SÃO PAULO,Analista de projetos pl,5
21/01/2021 20:55:59,Santo André,Assessor técnico,5
14/01/2021 12:52:58,Rio de Janeiro,Psicóloga ,5
27/01/2021 17:44:11,São Paulo,Analista de Projetos Sr,5
14/01/2021 13:24:02,Rio de Janeiro,Pesquisadora associada,4
27/01/2021 11:48:05,São Paulo,chefe de divisão ,5
14/01/2021 13:31:14,Curitiba,Co-diretor Executivo,5
21/01/2021 15:56:20,Campo Grande ,Trainee de Gestão Pública,4
14/01/2021 18:20:54,Caconde,Membro do Comitê de Dados Abertos,5
14/01/2021 18:34:29,Recife,Gestor de controle interno,3
15/01/2021 10:07:39,Piracicaba,Coordenadora de projetos,4
21/01/2021 19:38:20,São Paulo ,Arquiteta e Urbanista ,5
21/01/2021 20:11:07,São Paulo,Diretor técnico,5
21/01/2021 20:25:36,São Paulo,Coordenadora do Observatório de indicadores da cidade de SP,5
22/01/2021 10:32:20,São Paulo,Analista de Planejamento e Desenvolvimento Organizacional,5
21/01/2021 20:38:11,São Paulo,Socióloga,5
15/01/2021 12:26:34,SÃO LUÍS,Assessor - Assessoria Especial do Gabinete do Secretário,4
15/01/2021 13:32:52,Curitiba,Assessoria  jdca,2
15/01/2021 13:53:16,São Paulo,Assessor Técnico II,4
25/01/2021 13:07:07,Belo Horizonte,Diretora Central de Inovação da Gestão,4
29/01/2021 11:05:39,RECIFE,"COORDENADORA DA GERÊNCIA DE TRANSPARÊNCIA, INTEGRIDADE E GESTÃO DE RISCOS",5
08/01/2021 18:19:57,Fortaleza,Social media,3
15/01/2021 14:13:46,Rio de Janeiro ,Ouvidora,4
15/01/2021 14:27:14,SÃO PAULO,ASSESSOR TECNICO V,5
21/01/2021 14:19:42,Recife,Agente de Pesquisa,5
15/01/2021 14:28:14,São  Paulo,Assessora Técnica para implementação e monitoramento dos ODS,4
29/01/2021 18:12:12,Rio de Janeiro,Gerente de Comunicação Social,5
15/01/2021 15:03:25,Belo Horizonte,Assessora Estratégica,5
25/01/2021 08:13:38,VITORIA,Professor,5
15/01/2021 15:24:48,Itu,Diretor de Inovação,4
15/01/2021 15:43:36,Belo Horizonte,Assessora,5
15/01/2021 15:44:34,Belo Horizonte,Assessora,5
15/01/2021 16:46:51,Florianópolis,Gerente de Inovação em Governo/Coordenadora Nidus,4
15/01/2021 17:41:38,Piracicaba,Coordenadora de projetos,4
15/01/2021 17:50:55,Rio de Janeiro,COORDENAÇÃO DA REDE DE BIBLIOTECAS E DO GO FAIR BRASIL SAUDE,4
15/01/2021 19:17:45,Belo Horizonte,Coordenadora do Pacto de Gestão Participativa/EPPGG,5
27/01/2021 23:57:34,Brasília,Terceirizado - Estatístico,5
28/01/2021 12:58:31,Brasília,Assistente técnico adminisitrativo,5
15/01/2021 19:26:52,Belo Horizonte,Assessora da Superintendência,4
29/01/2021 21:59:54,Rio de Janeiro,Técnica em Propriedade Industrial,3
22/01/2021 12:34:14,Fortelza,Gestora Negocial no projeto da Aceleração da Transformação Digital do Estado do Ceará.,5
15/01/2021 19:33:33,Brasília,Analista - Desenv. de Sistemas,5
15/01/2021 19:38:39,Anchieta,Auditora de Controle Interno,3
15/01/2021 19:59:09,Niterói,Coordenador de Gestão de Sistemas de Informação,5
21/01/2021 23:04:22,Parnaíba-PI,prsofessor,4
15/01/2021 20:26:39,Serra,Economista ,5
15/01/2021 20:45:10,Belo Horizonte ,Especialista em Políticas Públicas e Gestão Governamental ,5
27/01/2021 14:53:06,São Paulo,Assessora de Mobilização do Programa Cidades Sustentáveis,2
15/01/2021 21:55:59,São José,Analista de Sistemas,5
15/01/2021 23:15:51,Goiânia,Coordenador de Jornalismo,4
16/01/2021 08:09:32,Porto Alegre ,Especialista em Saúde- Enfermeira ,5
16/01/2021 10:30:42,VICENTE PIRES,Administrador,2
16/01/2021 10:54:50,Brasília,Consultora em orçamento público ,5
16/01/2021 13:31:21,Brasília ,Subsecretaria de Assistência Social,2
16/01/2021 13:55:05,"Brasília, Distrito Federal, Brasil",Diretora,4
29/01/2021 17:16:48,São Paulo,Pesquisador,5
16/01/2021 14:36:20,Nova Friburgo,Tutor,4
16/01/2021 15:29:48,Niterói,ADJUNTO 1 - Gerente de Projetos,4
08/01/2021 12:32:04,Rio de Janeiro,Agente de Defesa Ambiental,4
23/01/2021 07:57:19,Brasília,Economista,5
22/01/2021 11:22:12,Manhuaçu,Professor/Presidente da Comissão de Ética Local,5
21/01/2021 15:39:51,Teresina,Professor EBTT,4
16/01/2021 16:14:52,Curitiba,Técnico em Assuntos Educacionais,3
21/01/2021 09:56:15,Rio de Janeiro,Analista de M&A e Gestão da Informação,4
16/01/2021 16:43:33,Canaã dos Carajás ,Gestor/ Diretor Executivo,3
16/01/2021 22:38:49,São Paulo,Assesssor Técnico,4
17/01/2021 03:25:21,São Paulo,Supervisora departamento técnico ,3
17/01/2021 09:14:45,Rio de Janeiro,Analista Pleno,5
17/01/2021 09:34:14,Teresina,Agente de Integridade ,5
17/01/2021 09:57:54,Serra,Chefe da Divisão de TI,3
17/01/2021 10:27:48,Lambari,Diretora de Licitação,5
17/01/2021 10:49:18,Rio de Janeiro,Arquivista,4
17/01/2021 11:18:15,Brasilia,Diretor de Transparência e Controle Social,3
11/01/2021 10:02:34,Curitiba,socióloga - pesquisadora,3
17/01/2021 12:29:14,Goiânia,Diretor de Inovação e Tecnologia,5
08/01/2021 11:17:57,São Paulo,Analista de Monitoramento e Avaliação,5
19/01/2021 14:13:02,São Paulo,Pesquisadora,5
21/01/2021 11:57:06,Jaú,consultora de acesso a informação,2
17/01/2021 12:49:12,Natal,Auditor,5
17/01/2021 14:19:51,Guaíra,CONTADOR,5
17/01/2021 14:25:05,Porto Alegre,Técnica em Comunicação Social,4
17/01/2021 16:26:12,Brasília,Analista de TI,5
17/01/2021 16:33:58,Goiânia,Gestor da Região Centro Oeste,4
21/01/2021 15:57:04,RIO DE JANEIRO,Analista,5
17/01/2021 19:09:00,São Paulo,Fundador,4
08/01/2021 13:31:45,Contagem,Gerente de Operações,5
18/01/2021 07:47:24,Quatá,Professor,4
18/01/2021 09:04:41,BELO HORIZONTE,DIRETOR-GERAL,4
22/01/2021 10:09:08,Fortaleza,Coordenador de projetos,2
11/01/2021 18:09:44,Rio de Janeiro,Assessor de Dados,5
18/01/2021 09:09:50,GOIANIA,Disseminação de Dados Públicos,3
08/01/2021 20:51:09,Rio de Janeiro ,Líder de Projetos ,4
18/01/2021 09:39:13,Brasília,Auxiliar Administrativo,5
08/01/2021 15:39:28,Barueri,Analista pleno de monitoramento e avaliação ,5
18/01/2021 09:46:16,Brasília,Analista de Tecnologia,5
18/01/2021 09:51:04,Fortaleza,Bibliotecária,4
18/01/2021 09:56:23,Fortaleza,Bibliotecária,3
18/01/2021 10:06:04,Brasília,Especialista em Gestão da Informação,4
13/01/2021 09:53:26,Brasília,Auxiliar administrativa,3
29/01/2021 08:44:22,Brasília ,Assessora,4
18/01/2021 11:27:20,Fortaleza ,Pesquisadora,5
18/01/2021 11:50:54,São Paulo,Especialista de Requisitos ,4
18/01/2021 11:54:11,Brasília,Assessor - Analista em Tecnologia da Informação,4
18/01/2021 13:44:29,Cidade Ocidental,Analista Técnico de Políticas Sociais ,4
19/01/2021 14:26:10,Brasília,Analista de Dados do Comprasnet (Delog) ,5
18/01/2021 13:44:41,Santo André,Coordenadora de contabilidade,4
18/01/2021 13:45:03,Santo André,Coordenadora de contabilidade,4
18/01/2021 13:54:19,São Lourenço da Mata,Auxiliar Administrativo,4
18/01/2021 14:21:59,Goiânia,Estágiário,3
25/01/2021 12:36:23,Brasília,Coordenadora de Gestão Estratégica de Dados,5
25/01/2021 14:32:48,brasília,Chefe da Divisão de Planejamento e Gestão de Riscos,3
17/01/2021 17:11:56,Brasilia,Chefe da Divisao de Planejamento e Gestao de Riacos,2
18/01/2021 15:29:27,Belo Horizonte,Especialista em Mobilidade Urbana,5
18/01/2021 16:22:48,BRASILIA,Analista Legislativo,5
18/01/2021 16:26:55,Brasília,Capitão/Mobilizada,4
18/01/2021 17:39:50,Porto Alegre,Fundador,5
18/01/2021 18:04:46,Curitiba,Presidente,3
18/01/2021 18:26:40,Santo André,Analista de sistemas,5
18/01/2021 18:33:10,Nova Iguaçu,Coordenadora de Administração Geral,3
18/01/2021 18:34:19,Brasília,Coordenador Geral da Secretaria de Transparência,5
21/01/2021 19:12:50,Belo Horizonte,Analista de Políticas Públicas,3
18/01/2021 18:52:35,Cuiabá ,Estudante,1
25/01/2021 23:31:19,Rio de Janeiro,Tecnica Administrativa ,3
18/01/2021 21:13:49,São Carlos,Estagiária,1
15/01/2021 13:34:47,BRASÍLIA,ANALISTA DE SISTEMAS,5
27/01/2021 10:35:18,Cabo Frio,Coordenador Municipal,4
18/01/2021 23:09:32,Rio de Janeiro ,Professor / Gestor de TI,2
15/01/2021 16:46:46,Jaraguá do sul ,Suplente vereador ,1
15/01/2021 18:47:30,Jaraguá do sul ,Suplente vereador ,1
16/01/2021 11:16:05,Jaraguá do sul ,Suplente vereador ,1
16/01/2021 15:29:15,Jaraguá do sul ,Suplente vereador ,1
27/01/2021 14:24:37,São Mateus,CONTROLADOR MUNICIPAL,3
22/01/2021 10:40:34,Belém,Pesquisador bolsista Programa de Capacitação Institucional,4
19/01/2021 01:16:38,Brasília,ANALISTA DE SISTEMAS,4
14/01/2021 09:39:26,Niterói ,Assessor de Turismo,3
28/01/2021 16:43:34,Niterói,Assessora Jurídica,5
28/01/2021 17:43:00,Niterói,Chefe de Departamento,4
19/01/2021 17:03:29,Cabo de Santo Agostinho,Coordenador de Dados,5
19/01/2021 17:07:20,Porto Alegre,Assistente Administrativo,5
19/01/2021 08:17:36,Belo Horizonte,Professor voluntário,3
08/01/2021 20:37:11,São Paulo,Pesquisadora júnior,2
19/01/2021 10:03:44,Porto Alegre,Analista de Dados,5
19/01/2021 11:01:53,Nilópolis,Assessor,5
09/01/2021 14:17:54,São Paulo,Coordenadora de Projetos ,5
11/01/2021 21:30:27,Brasília,Consultora - incorporação da igualdade de gênero na resposta ao COVID-19,5
19/01/2021 11:14:01,São Paulo,Diretor técnico,4
09/01/2021 17:01:05,São Paulo,Coordenador de Projeto,5
13/01/2021 00:00:41,São Paulo,Voluntário no time de dados,4
18/01/2021 06:53:42,São Paulo,Voluntário no time de dados,4
19/01/2021 11:21:41,São Paulo,Diretora Técnica,5
19/01/2021 11:38:07,Rio de Janeiro,Enfermeira ,2
19/01/2021 12:49:47,RIO DE JANEIRO,Analista de Gerenciamento de Projetos e Metas,5
19/01/2021 12:53:01,SANTA LUZIA,Diretora de Atenção Hospitalar e Urgência e Emergência,5
19/01/2021 12:53:51,Belo Horizonte,Consultora Técnica,5
19/01/2021 13:39:33,Belo Horizonte,Assessora da Sala de Situação do COVID-19,4
19/01/2021 14:05:10,Santo Amaro,Conselheiro,4
19/01/2021 15:04:27,Rio de Janeiro,Gerente de Transparência,5
21/01/2021 07:16:14,Vila Velha,Auditora,2
19/01/2021 15:26:42,Resende,Gestor ,
22/01/2021 21:17:14,Recife,Gerente de Inovaçao e Dados Abertos,4
19/01/2021 16:02:26,Praia Grande,Agente administrativo/Seção de análise de sistemas,4
19/01/2021 16:08:43,Rio de Janeiro,Analista de Gerenciamento de Projetos e Metas - Secretaria Municipal de Fazenda e Planejamento,5
19/01/2021 16:26:48,São Paulo,Assessora de imprensa da presidência,3
19/01/2021 16:31:00,SÃO PAULO,Gestor de Trânsito V,4
16/01/2021 22:32:01,Rio de Janeiro,Assessor,3
18/01/2021 08:26:19,Rio de Janeiro,Assessora,4
19/01/2021 16:32:20,Brasília,Técnico em Regulação de Serviços de Transportes Aquaviários,5
19/01/2021 16:40:04,Belo Horizonte,Especialista em Políticas Públicas e Gestão Governamental,3
19/01/2021 16:59:09,São Paulo,consultor,5
19/01/2021 17:00:48,Recife,Consultor de Gestão Educacional,3
19/01/2021 17:42:59,Salvador,Analista de Informações Geoespaciais,4
19/01/2021 18:26:30,Boca da Mata,Coordenador de TI ,4
19/01/2021 18:29:26,Belo Horizonte,Analista de Dados - Indenização,5
19/01/2021 19:23:59,Campina Grande,Assessor - Cientista de dados ,5
19/01/2021 20:05:47,rio de janeiro,pesquisadora,4
19/01/2021 20:19:39,RIO DE JANEIRO - RJ,Bibliotecária-Documentalista,2
21/01/2021 18:29:15,Belo Horizonte,agente executivo,4
19/01/2021 21:44:17,Boca da Mata,Coordenador de TI ,4
19/01/2021 23:02:44,SERRA ,Seretaria Adjunta da Secretaria das Mulheres,5
20/01/2021 00:58:42,Natal,Analista de TI,3
14/01/2021 14:58:07,Guarulhos,"Chefe de Divisão Técnica de Ciência, Tecnologia e Inovação",2
26/01/2021 09:40:39,Joinville,Gerente,3
28/01/2021 09:51:01,Joinville,Diretor de administracao e planejamento,5
20/01/2021 06:56:07,Vila Velha,Subsecretaria de Planejamneto e orçamento ,3
08/01/2021 08:29:06,Varzea Paulista ,Assessor de politicas governamentais ,1
09/01/2021 14:20:32,Jundiaí,Assistente de Administração,5
07/01/2021 21:49:13,Jundiaí ,Assessor Municipal ,4
20/01/2021 07:04:35,Joinville,Diretor de Gestão do Conhecimento,5
16/01/2021 20:03:42,Manaus,Pedagoga e Professora,5
28/01/2021 11:14:23,Mogi das Cruzes,Chefe de Divisão,4
25/01/2021 20:55:03,Niterói,Assessora de planejamento,5
26/01/2021 10:53:58,Palmas,Assistente Administrativo,3
07/01/2021 17:19:44,Petrolina,Professora,3
20/01/2021 08:08:28,Maceió,Assessor Especial,3
20/01/2021 09:04:02,Belém,Vice-diretor,1
18/01/2021 14:35:22,Sao Bernardo do Campo,Fiscal Tributário,4
18/01/2021 15:24:37,DIADEMA,Assistente Administrativo,2
19/01/2021 15:51:14,São Paulo,Assistente Administrativo,1
26/01/2021 14:04:15,SÃO MATEUS,Controladora Geral,4
26/01/2021 14:21:39,SÃO MATEUS,Assessor de Controladoria,3
20/01/2021 09:13:21,Serra,Secretária,4
20/01/2021 11:10:17,São Paulo,Diretora de Departamento Técnico,4
20/01/2021 11:14:09,Praia Grande,Pesquisador voluntário na frente de governo digital e economia digital,2
20/01/2021 12:28:09,Salvador,Analista Jurídico,4
15/01/2021 17:36:45,Praia Grande,Assessor da vice-prefeita,3
08/01/2021 08:33:57,Varzea Paulista,Chefe de Comunicação interna,1
20/01/2021 13:12:18,Rio de Janeiro,Coordenadora administrativa,2
20/01/2021 14:47:01,Paulínia/Guarulhos,Educador social e técnico em informática,4
20/01/2021 15:30:46,Marataízes,Subsecretária de Controle Interno e Transparência,5
20/01/2021 15:43:45,Cachoeiro de Itapemirim,Assessora Técnica,5
20/01/2021 16:00:11,Fortaleza,Bibliotecária,3
20/01/2021 16:36:20,Paço do Lumiar,Servidora voluntária,5
20/01/2021 16:55:05,Rio de Janeiro,Analista de gestão em saúde,3
16/01/2021 11:32:02,Terra Roxa,Agente de Serviços Contabeis,3
20/01/2021 18:21:49,Rio de Janeiro,Coordenadora de Programa de Pós-Graduação na Fiocruz,3
20/01/2021 19:37:33,Lagoa Santa,Estagiário,5
20/01/2021 11:46:16,Serra,Estatístico,5
25/01/2021 08:22:44,Algre,Superintendente de Ouvidoria e Participação Social,2
20/01/2021 23:09:22,Rio de Janeiro,Agente de Administração,5
20/01/2021 23:49:13,Araraquara,Executivo Público,3
21/01/2021 10:13:46,Salvador,Coordenador,5
21/01/2021 11:42:24,São Paulo ,Pesquisadora,5
14/01/2021 09:29:48,Araraquara,Agente administrativo,4
21/01/2021 11:51:15,ITAJAI,A ser ocupado. Diretor de Indicadores e Situação,3
21/01/2021 12:19:15,Oiapoque ,Assessora Indigenista,4
21/01/2021 12:38:48,Porto Alegre,Gestor,5
20/01/2021 21:26:44,Cândido Mota,Assessora Geral da Secretaria de Saúde,4
21/01/2021 12:50:34,Salvador,Professora ,3
12/01/2021 11:50:31,Caruaru,Coordenador,3
28/01/2021 08:53:45,Caruaru,Analista de Gestão,5
21/01/2021 13:11:45,santo andré,Assistente em administração,4
21/01/2021 19:22:42,Cristina,Secretário Particular de Gabinete,5
21/01/2021 13:18:40,Rio de Janeiro,Coordenador de Análise de Indicadores e Informações Educacionais,5
21/01/2021 13:45:53,itabaianinha,JORNALISTA,4
21/01/2021 13:54:15,Vitória,Professor,5
22/01/2021 10:04:16,Itaboraí,Arquiteta e Urbanista (cargo comissionado),4
22/01/2021 11:36:44,Itaocara,Administrador Financeiro,4
21/01/2021 14:19:19,Várzea Grande,Jornalista,3
21/01/2021 14:23:40,São Luís,SECRETÁRIO ADJUNTO DE TRANSPARÊNCIA,4
28/01/2021 14:33:05,Jaraguá do Sul,Gerente de Tecnologia da Informação,4
25/01/2021 09:33:56,Joinville,Agente Administrativo ,4
27/01/2021 11:37:31,Joinville,Analista de Ti,5
07/01/2021 23:12:58,Jundiaí,Assessor de Políticas Governamentais,5
21/01/2021 14:57:20,Rio de Janeiro,Auxiliar de Biblioteca,3
08/01/2021 11:34:39,São Paulo,Assessor de Políticas Governamentais,4
21/01/2021 15:06:09,RIO DE JANEIRO,assistente executivo,5
21/01/2021 15:11:36,Rio de Janeiro,Assistente na Coordenadoria de Informações e Monitoramento da Secretaria Especial da Juventude Carioca,5
27/01/2021 19:22:18,Mantenópolis,Controlador Interno,3
21/01/2021 15:12:57,SÃO LUIS,AUDITOR DO ESTADO,5
21/01/2021 15:30:30,Recife,Analista de Digital Analytics,5
21/01/2021 16:14:16,SÃO JOSÉ DO RIO PRETO,DIRETOR,4
08/01/2021 20:30:05,Palhano,Engenheira ambiental,3
21/01/2021 16:28:57,São Bernardo Do Campo,Assessor Técnico,5
21/01/2021 16:33:19,Cravinhos,GUARDA MUNICIPAL ESPECIAL,4
21/01/2021 17:53:36,Rio de Janeiro,Bolsista de pesquisa,2
21/01/2021 18:28:34,MANAUS,Coordenado da Sala de Análise da Situação de Saúde,5
21/01/2021 18:37:47,São Paulo,Assessor Técnico/ Sociólogo,5
19/01/2021 15:15:17,Sabará,Auxiliar Administrativo,3
21/01/2021 18:43:40,Rio de Janeiro,Analista de Gestão ,2
21/01/2021 19:19:02,São Paulo,Coordenador Adjunto Coletivo,4
21/01/2021 19:44:54,Rio de Janeiro,Pesquisadora e Analista de Dados,5
18/01/2021 14:33:03,Santo André,Fiscal,3
18/01/2021 14:42:52,Santo André,Fiscal Tributário,5
19/01/2021 12:51:05,Santo Andre,Escrituraria,2
20/01/2021 20:31:32,São Caetano do Sul,Assistente Administrativo ,5
21/01/2021 22:57:47,São Caetano do Sul,Auxiliar Administrativo,4
21/01/2021 23:01:18,São Caetano do Sul,Auxiliar Administrativo,4
20/01/2021 16:32:00,SÃO CAETANO DO SUL,Coordenadora de Cobrança,3
21/01/2021 19:50:41,GUARULHOS,Assistente Administrativo ,4
21/01/2021 22:02:34,Aparecida de Goiânia,Bibliotecária,4
18/01/2021 14:15:58,Trindade ,Assessor Técnico ,2
22/01/2021 18:14:49,Recife ,Subchefe de Gabinete ,4
09/01/2021 09:03:31,Rio de Janeiro,Coordenadora de Informações e Monitoramento,5
14/01/2021 14:13:27,Brasília,Supervisor,5
21/01/2021 22:04:15,Viamão ,Analista de compras públicas e licitações ,5
11/01/2021 14:24:44,Goiânia ,Procurador municipal,2
18/01/2021 15:14:09,Niteroi,Diretor de Apoio e LOgística,3
09/01/2021 06:58:21,Rio de Janeiro,Residente jurídico,3
21/01/2021 22:16:12,belo horizonte,gerente de TI,4
08/01/2021 18:36:34,Rio de Janeiro,Doutor,5
11/01/2021 09:16:52,Guaratinguetá,Engenheira de Segurança do Trabalho,4
08/01/2021 17:35:22,SAO PAULO,Docente/gestão,3
21/01/2021 13:45:21,Brasília,Proprietária,4
15/01/2021 17:38:24,São Paulo,Analista de Dados Educacionais,5
21/01/2021 22:17:26,Aracaju,Supervisora de Pesquisa,5
21/01/2021 17:15:39,Rio de Janeiro,Coordenadora da Unidade Vila Isabel,3
14/01/2021 16:10:04,Rio de Janeiro,Pesquisador,4
21/01/2021 22:25:33,Brasília,Especialista em Políticas Públicas e Gestão Governamental,5
29/01/2021 11:38:33,rio de janeiro,assistente social,3
08/01/2021 08:50:33,Fortaleza,Analista de Desenvolvimento de Software,5
26/01/2021 17:46:33,São Paulo ,Assessor Tecnico ,4
21/01/2021 22:35:58,Belém ,Comunicação ,3
22/01/2021 10:25:11,São Paulo,Professor Anos Finais e Ensino Médio,3
08/01/2021 15:53:04,Fortaleza,Técnico em Estatística,5
07/01/2021 18:31:27,São Paulo,Analista de Processos,2
08/01/2021 15:28:27,São Paulo,Assessor Técnico de Gabinete,5
11/01/2021 23:45:37,São Paulo,ASSESSOR II,3
21/01/2021 06:55:40,são paulo,Professor Coordenador,3
08/01/2021 15:37:47,Fortaleza,Técnico da Célula de Dados Educacionais,5
22/01/2021 02:06:04,São Paulo,Especialista em Políticas Públicas,5
22/01/2021 02:38:17,Rio de Janeiro,pesquisador estudante,4
22/01/2021 07:27:02,SÃO PAULO,Dir. Técnico de Saúde I,2
22/01/2021 08:14:13,Poços de Caldas,Embaixador Mobilizador ,4
22/01/2021 09:36:34,São José,Assessor Técnico,2
22/01/2021 09:36:41,Belem,Assess.assuntos estratégicos ,3
18/01/2021 10:09:44,São Luís,"Secretário Adjunto de Administração, Logística e Inovação Penitenciária",3
22/01/2021 11:02:26,Ilhéus,Vereador,3
22/01/2021 11:16:03,Rio de Janeiro,Assessor de Planejamento e Gestão,4
28/01/2021 18:23:45,Joinville,assistente social,4
22/01/2021 11:21:29,Belo Horizonte,diretora da Diretoria de Estatística e Informações,5
15/01/2021 15:32:19,Belo Horizonte,Estagiário,5
25/01/2021 14:18:32,Brasília,"Especialista em assistência social, Estatístico",5
27/01/2021 08:10:47,São Paulo,Especialista em Desenvolvimento Social,4
22/01/2021 11:23:33,Rio de Janeiro,Estudante de Doutorado,3
12/01/2021 12:40:31,São Paulo,Diretora I (CGE - Coordenadoria de Gestão Estratégica),5
25/01/2021 16:08:42,SALVADOR,TÉCNICA DE ENSINO SUPERIOR - ARQUITETA E URBANISTA,3
22/01/2021 11:28:47,Salvador,Diretor,4
08/01/2021 11:26:05,Caruaru,Professor,3
08/01/2021 16:56:45,Fortaleza,Especialista em Avaliação,4
22/01/2021 11:29:07,Cuiabá,Atendimento em Publicidade,1
22/01/2021 11:48:53,Brasília,"Chefe da Seção de Integração a Serviços Externos de Interação Social (SISEI), que inclui o serviço de Dados Abertos da Câmara",4
22/01/2021 11:50:22,Niterói,Agende Administrativa Educacional - Setor DTI,2
22/01/2021 11:51:17,Belo Horizonte,Coordenador de Projeto e Professor,5
22/01/2021 12:11:04,Rio de Janeiro,Assistente da Coordenadoria Técnica de Informações e Monitoramento da Juventude,4
08/01/2021 09:56:30,Caruaru,Coordenadora da Equipe de Educação Infantil,4
22/01/2021 12:26:46,Recife,Controlador Ministerial Interno,5
22/01/2021 10:05:18,Seabra,Coordenadora e Formadora de Diretores Escolares,4
22/01/2021 12:34:53,Vespasiano,Assessor da Diretoria de Tecnologia,3
22/01/2021 12:45:03,Belo Horizonte,Agente Executivo Governamental,5
22/01/2021 14:00:34,Rio Grande do Sul,Diretora Executiva e Relações Institucionais,4
08/01/2021 17:26:36,Caruaru,Secretária de Executiva de Gestão de Ensino ,5
08/01/2021 14:03:03,Caruaru,Gerente,3
22/01/2021 14:18:29,Recife,Gerente Ministerial Executivo de Compras e Serviços,3
22/01/2021 15:07:53,Brasília,Pesquisadora,5
11/01/2021 17:34:33,São Luís,Assessora de Comunicação ,2
22/01/2021 11:46:36,Florianópolis,Coordenador de Padronização e Gestão de Informação de Pessoal,4
16/01/2021 14:30:02,Maceió,Assistente Social,5
16/01/2021 14:30:17,Maceió,Assistente Social,5
21/01/2021 11:46:16,Mauá,Agente de Organização Escolar,5
28/01/2021 17:23:42,Vitória,Bolsista de Gestão da Inovação,4
22/01/2021 15:09:26,Lapa,Auxiliar Administrativo,5
11/01/2021 20:08:05,Macapá,Coordenador de Comunicação ,5
22/01/2021 15:19:12,Rio de Janeiro,Assessor Executiva,5
22/01/2021 15:51:07,Itapeva,Prof de Educação Física,2
22/01/2021 15:51:10,Belo Horizonte,Assessora de dados e inovação,5
22/01/2021 15:57:52,Ilhéus,Secretária,2
22/01/2021 16:43:08,Campinas,Assessor de Dados,4
22/01/2021 17:24:19,Rio de Janeiro,Especialista em políticas públicas e gestão governamental,5
22/01/2021 17:27:29,Belo Horizonte,Superintendente Central de Governança Eletrônica,3
22/01/2021 17:35:19,Uberlândia,Diretor de Parcerias/ Diversidade e Inclusão,3
22/01/2021 17:52:43,Rio de Janeiro,Coordenadora de Formação,4
22/01/2021 18:05:50,Rio de Janeiro,Diretor de Recursos Humanos,5
22/01/2021 18:06:28,Guarulhos,Pedagogo,3
22/01/2021 19:12:53,Jandira,Analista de Gestão do Conhecimento,5
22/01/2021 19:40:08,São Paulo,Diretora,4
22/01/2021 20:25:13,Fraco Rocha,Voluntario,5
22/01/2021 21:32:58,Niteroi,Assessora,5
22/01/2021 21:56:52,Rio de Janeiro,Diretora assistente da Presidência,2
23/01/2021 00:38:35,Salvador,Professora ,3
23/01/2021 08:34:52,Itapevi ,Assessora Pedagógica ,3
23/01/2021 09:57:10,Viamão ,Analista de compras públicas e licitações ,5
19/01/2021 14:52:27,Belo Horizonte,Assessor Técnico ,4
17/01/2021 21:28:21,Belo Horizonte,"Superintendente de Planejamento, Gestão e Finanças",5
23/01/2021 11:24:00,Fortaleza,Planejadora Urbana,4
08/01/2021 11:09:08,Belo Horizonte,Coordenadora do Observatório do Turismo de Minas Gerais,4
15/01/2021 20:01:14,Lagoa Santa,Diretora de Apoio aos Pequenos Negocios e Cooperativismo,3
23/01/2021 11:41:03,Rio de Janeiro,Especialista em regulação,3
23/01/2021 12:28:38,Curitiba,Conselheiro Tutelar ,3
23/01/2021 15:31:14,São Paulo,Técnico Judiciário,3
23/01/2021 16:41:43,Rio Branco,Gestora de Politicas Publicas,4
22/01/2021 12:37:47,Rio de Janeiro,Assessor-Chefe Adjunto (Subsecretaria Executiva),3
23/01/2021 22:53:23,Ilhabela,Diretor Executivo,5
26/01/2021 20:46:50,Belo Horizonte ,Assessora de Inovação,5
24/01/2021 10:10:39,Fortaleza,Orientadora da Célula de Programas e Ações Afirmativas de Políticas dos Direitos Humanos,4
24/01/2021 13:27:41,Aracaju,Assessora de Emendas Parlamentares e Políticas Públicas ,5
24/01/2021 17:50:04,São Paulo,Coordenadora de Monitoramento,4
07/01/2021 14:08:39,Rio de Janeiro,Assistente,3
24/01/2021 18:34:51,Natal,Análista de Dados,5
24/01/2021 21:46:50,Uberlândia,Jornalista,5
24/01/2021 22:51:43,Rio de Janeiro,Arquivista,4
21/01/2021 11:45:33,Rio de Janeiro,Assessor - Subsecretaria de Receita,5
25/01/2021 00:43:31,Maricá,TAE - Auxiliar de Biblioteca,5
11/01/2021 09:00:45,BELO HORIZONTE,Assessor Departamento Penitenciário,5
19/01/2021 11:53:45,Belo Horizonte,Assessora Estratégica,5
19/01/2021 16:31:36,Belo Horizonte,Diretora Central de Simplificação e Modernização Institucional,1
25/01/2021 02:25:47,Brasília,Bibliotecária,5
25/01/2021 08:51:07,Salvador,Técnico de Laboratório/Área,3
25/01/2021 09:26:13,Joinville,Diretor Executivo de Inovação e Tecnologia,3
25/01/2021 10:32:33,Salvador,Especialista em Políticas Públicas e Gestão Governamental (EPPGG),5
19/01/2021 14:44:19,Belo Horizonte,Estagiária,5
28/01/2021 09:53:39,Belo Horizonte,Especialista em Políticas Públicas e Gestão Governamental,5
25/01/2021 11:10:00,Nanuque,Fundadora,2
25/01/2021 11:19:30,Sao Goncalo,Assessor A,3
19/01/2021 16:55:33,Belo Horizonte ,Estagiário ,5
18/01/2021 18:13:04,Rio de Janeiro,Assessoria Técnica da Superintendência de Unidades Próprias e Pré-Hospitalares,3
19/01/2021 10:32:18,Vitória,Trainee em Gestão da Inovação em Políticas Públicas,4
25/01/2021 11:34:59,Joinville,Agente Administrativo,5
25/01/2021 13:13:05,Ribeirão Preto,Técnico ,4
26/01/2021 17:29:55,São Paulo,Assessora Técnica,5
25/01/2021 15:08:30,BLUMENAU,Controlador-Geral do Município,4
25/01/2021 15:08:46,Blumenau,Administradora,5
25/01/2021 15:39:58,QUIXADÁ - CE,ASSITENTE SOCIAL,4
24/01/2021 20:21:29,Blumenau,Gerente de Programas e Projetos de Governo,4
25/01/2021 16:33:45,Salvador,Arquiteto e Urbanista,4
27/01/2021 12:36:41,Contagem,Diretora,5
21/01/2021 10:22:01,Belo Horizonte,Assessora Estratégica (Atuo da Assessoria Estratégica do Sisema),2
13/01/2021 12:25:08,Recife ,"Gestor Governamental - especialidade planejamento, orçamento e gestão ",3
29/01/2021 13:37:58,São Paulo,Especialista em Políticas Públicas,5
28/01/2021 17:36:31,São Paulo,Analista em Planejamento Orçamento e Finanças Públicas ,3
28/01/2021 11:55:29,São Paulo,"Analista em Planejamento, Orçamento e Finanças Públicas",2
25/01/2021 16:37:09,Nova Iguaçu,Assessor de Dados,4
25/01/2021 18:39:22,São Paulo,Conselheiro,3
25/01/2021 20:21:19,Ribeirão Bonito,Assessora de Cidades e Transparência,5
29/01/2021 10:14:00,Recife,"Gestora de Transparência, Integridade e Gestão de Riscos",3
25/01/2021 21:16:45,Brasília,Assistente e Especialista em Regulação e Vigilância Sanitária,4
21/01/2021 14:39:28,São Luis,Analista de sistemas,5
29/01/2021 09:51:59,São Luis,Assessor Especial da Secretaria Adjunta de Transparência,5
26/01/2021 06:04:02,Porto Alegre,Assistente Administrativo,1
25/01/2021 18:17:19,SAO LUIS,Auditor do Estado,4
08/01/2021 14:43:54,Vitória,Trainee de Gestão da Inovação em Políticas Públicas,4
26/01/2021 07:22:13,Volta Redonda,COOEDENADOR TÉCNICO  DE DIVULGAÇÃO  FINANCEIRA ,2
26/01/2021 07:31:08,Recife,"Assessor de Desenho, Monitoramento e Avaliação",5
26/01/2021 08:32:38,Salvador,Gestora Escolar,3
07/01/2021 11:08:54,Fortaleza,Auxiliar Técnico,5
26/01/2021 11:59:41,sao paulo,Tecnico da Vigilância Socioassistencial,5
26/01/2021 13:10:11,São Paulo,Assistente Administrativo,3
26/01/2021 09:37:41,São Cristóvão,Assistente Administrativa,5
26/01/2021 10:18:29,Tucuruí,Assistente,4
29/01/2021 11:47:07,Belo Horizonte,Especialista em Políticas Públicas e Gestão Governamental,2
18/01/2021 14:51:15,ILHEUS,Planejamneto ,4
26/01/2021 10:19:55,Brasília,Analista de Tecnologia da Informação - Chefe de Serviço,3
26/01/2021 11:26:55,Criciúma,Diretora de Dados,4
26/01/2021 11:29:19,Maringá,Software/Data Engineer,5
26/01/2021 12:25:47,São Paulo,Agente de Desenvolvimento Social,3
14/01/2021 14:22:49,Assis,Encarregado de Setor,3
07/01/2021 18:39:22,São Paulo ,Assessor ,5
26/01/2021 12:57:30,Brasilia,Assessor Técnico de Governança e Gestão Estratégica,5
26/01/2021 13:21:53,Recife,Assessor de Planejamento,3
11/01/2021 15:47:13,São Paulo,Assessor Técnico 1,3
26/01/2021 13:36:27,Rio de Janeiro,Assessoria de Orçamento e Gestão Pública,5
25/01/2021 19:08:02,Rio de Janeiro,Docente.,4
08/01/2021 14:50:41,Caruaru,Formador de Professores,3
27/01/2021 12:21:43,Porto Alegre,Técnica da Equipe Gestão de Indicadores Escolares (área de concurso: professora),2
26/01/2021 13:39:06,DIADEMA,Assessor de Comunicação,2
26/01/2021 14:16:40,Rio de Janeiro,Assistente de Programas,3
26/01/2021 15:07:01,Florianópolis,Ouvidora-Geral do Estado,3
29/01/2021 10:12:43,MARICÁ,Guarda Civil Municipal,2
11/01/2021 10:48:41,São Luís,Assistente Técnico,3
16/01/2021 14:21:51,Dionísio ,Secretário de saúde ,5
26/01/2021 16:19:13,Rio de Janeiro,Auxiliar de Fiscal de Transportes,2
29/01/2021 23:11:01,Rio de Janeiro,Analista em geoprocessamento,5
26/01/2021 16:55:15,Florianópolis,Analista Técnico da Gestão e Promoção da Saúde,5
15/01/2021 19:04:38,Florianópolis ,Assistente técnico pedagógico ,3
08/01/2021 13:34:06,São Caetano do Sul,Diretor Técnico II    agente de desenvolvimento social,5
26/01/2021 17:10:46,São Paulo,Especialista em Desenvolvimento Social,4
14/01/2021 13:29:31,São Luís ,Professora,4
22/01/2021 08:42:59,Cuiabá,Professora,3
25/01/2021 09:51:45,Cuiabá,Assessor Técnico Pedagógico,3
20/01/2021 14:30:31,Salvador ,Analista de Infraestrutura e Obras Públicas ,3
18/01/2021 09:49:23,Curitiba,Analista de Dados,5
11/01/2021 18:54:01,RIO DE JANEIRO,Auditor Fiscal de Receitas Estudais,5
29/01/2021 20:23:31,Manaus,Professora ,1
26/01/2021 18:51:12,Salvador,Funcionario Público Federal.,5
26/01/2021 19:42:45,Tubarão,Analista de Sistemas,2
26/01/2021 20:27:42,Belo Horizonte,Especialista em Políticas Públicas e Gestão Governamental (EPPGG),5
26/01/2021 22:25:07,Porto Alegre ,Jornalista,5
26/01/2021 22:47:55,Serra ,Analista de Sistemas,5
27/01/2021 00:35:30,Cachoeira do Sul,Estudante,3
27/01/2021 02:18:38,Lagoa do Carro ,Assessora de projeto e programas ,3
27/01/2021 08:49:09,São Lourenço do Sul,Assessor de Bancada ,4
15/01/2021 15:24:03,Rio de Janeiro,Assistente na Coordenadoria de Instrumentos Institucionais do Planejamento,3
16/01/2021 12:29:50,Maceió,Trainee de Gestão Pública na Equipe de Estatística,5
27/01/2021 09:23:09,Palmas,Gerente de Transparência e Controle Social,5
27/01/2021 09:35:40,Ibirite ,Estudante de Administração Pública na Fundação João Pinheiro; Estagiária na Assessoria Estratégica da SES-Mg,3
07/01/2021 20:45:10,São José do Rio Preto,Agente de Saneamento,5
15/01/2021 16:39:17,São Luís,Gestor de Dados em Saúde  - CONECTASUS,5
08/01/2021 09:28:18,Rio Branco,Analista de Sistemas,5
27/01/2021 10:03:38,Joinville ,Administrativo ,4
08/01/2021 16:13:55,São Paulo,Assessor II,4
24/01/2021 13:00:37,Suzano,Supervisora Escolar,1
14/01/2021 13:46:45,Salvador,Fellow e Embaixadora,2
27/01/2021 12:04:28,Joinville,Socióloga,4
27/01/2021 18:53:01,Mauá,Assessor ,5
27/01/2021 12:15:46,Guaratinguetá,Mestranda,3
15/01/2021 16:09:05,Brasília,assessora na Ouvidoria,5
19/01/2021 19:00:39,São Paulo ,Especialista em Políticas públicas ,3
15/01/2021 16:35:22,Belo Horizonte,Coordenadora da Assessoria de Gestão da Informação,5
27/01/2021 13:43:01,Queimados,Programador,4
27/01/2021 14:40:15,Vitória,Trainee,4
27/01/2021 15:20:07,GOIANIA,ANALISTA DE SISTEMAS,5
27/01/2021 16:14:23,São Caetano do Sul,Assessor Técnico,5
08/01/2021 15:42:03,Osasco,Co-fundador e líder de projetos,4
27/01/2021 16:53:17,Brasília,Coordenador do Núcleo de Apoio à Inovação,1
25/01/2021 11:26:52,São Paulo,Gerente de Impacto Social,3
14/01/2021 14:39:24,São Paulo,Analista de Governança Local,5
27/01/2021 17:17:58,Rio de Janeiro ,Assessora de Comunicação ,2
29/01/2021 15:41:07,Brasília,Auditor de Controle Externo,4
27/01/2021 18:10:03,São Paulo,Técnico Judiciário,5
28/01/2021 01:06:21,Campo Grande,Trainee de Inovação em Gestão Pública,5
28/01/2021 08:58:36,Brasília,Analista,4
28/01/2021 09:13:08,São Paulo,Analista de Projetos,5
28/01/2021 10:09:02,Joinville,Assistente Social ,3
19/01/2021 20:07:18,Rio de Janeiro,Técnico judiciário/informática,5
28/01/2021 13:56:21,São Paulo,Especialista em Políticas Públicas ,3
28/01/2021 14:03:26,Rio de Janeiro,Repórter,3
11/01/2021 11:11:48,Florianopolis,administrador,4
28/01/2021 14:41:54,Florianópolis,Gerente de Acesso à Informação,4
14/01/2021 20:45:07,Santo André ,Mestrando ,4
28/01/2021 15:29:41,Balneário Camboriú,Professora universitária,4
28/01/2021 15:58:12,Rio de Janeiro,Gerente de Saneamento da Lei Aldir Blanc,5
28/01/2021 16:19:07,João Pessoa,Professor,2
28/01/2021 17:03:09,Recife ,Estudante de jornalismo,3
21/01/2021 18:48:33,Belém,Estudante,4
28/01/2021 17:08:25,Serra,Assessor Especial ,4
18/01/2021 14:36:09,Recife ,Professor,5
28/01/2021 17:09:08,Vitória,Bolsista de Gestão da Inovação em Políticas Públicas,5
28/01/2021 17:16:03,Brasília,Analista Legislativo,2
21/01/2021 20:31:47,Rio de Janeiro,Docente,5
28/01/2021 19:02:13,Petrolina,Analista em Tecnologia da Informação,5
28/01/2021 19:08:24,Passo Fundo,Assessora de dados,4
28/01/2021 20:29:39,Rio de Janeiro,Técnico de Laboratório,3
28/01/2021 21:38:39,São Bernardo do Campo,Assessora parlamentar ,2
28/01/2021 22:27:11,Queimados,Articulador local,5
28/01/2021 23:14:40,Canoas ,Bolsista ,4
28/01/2021 23:28:11,SAO PAULO,"Analista de Planejamento, Orçamento e Finanças",3
29/01/2021 00:41:04,Ibiporã,Tecnólogo de Gestão Pública,3
29/01/2021 07:14:34,Belo Horizonte ,Presidente ,1
22/01/2021 13:22:20,SAO JOSE DOS PINHAIS,Coordenadora,1
29/01/2021 07:48:57,Brasília ,Gerente de projetos ,3
21/01/2021 18:09:47,SAO PAULO,ARQUIVISTA,5
29/01/2021 07:54:13,Teófilo Otoni,Professor Efetivo,4
29/01/2021 08:18:08,São Carlos,Analista Seguro Social,2
29/01/2021 08:22:19,Lindóia,CHEFE DE DIVISÃO DA ASSISTÊNCIA SOCIAL,5
29/01/2021 08:36:12,Brasília,"Gerente-Geral do Conhecimento, Inovação e Pesquisa",4
20/01/2021 16:33:44,São Paulo,Estudante de doutorado,4
26/01/2021 14:14:58,Ribeirão Preto,Bibliotecária,3
22/01/2021 20:59:15,Salvador,Técnico Universitário ,3
29/01/2021 08:43:08,São Paulo,Analista sr. de gestão estratégica e inovação,3
29/01/2021 08:55:04,Aguas Claras,Analista de TI,3
29/01/2021 09:22:24,Manaus,Analista em Geociências,5
29/01/2021 09:27:19,Sao Paulo,Tecnologista,5
21/01/2021 21:30:31,Goiânia ,Bibliotecário,5
25/01/2021 06:55:43,Goiânia ,Bibliotecário,5
29/01/2021 09:34:17,São Paulo ,Analista de Mobilização ,3
19/01/2021 03:18:05,Belo Horizonte,Discente,4
29/01/2021 09:51:22,São Luís,Trainee de Gestão Pública - Assessoria de Finanças,5
29/01/2021 10:11:52,Rio de Janeiro ,Freelancer em comunicação e projetos ,2
29/01/2021 10:51:11,Niteroi,Acessoria de comunicaçao,2
29/01/2021 11:00:31,Itapevi ,Assessora Pedagógica ,3
08/01/2021 14:06:46,São Cristóvão,Bolsista,3
24/01/2021 12:33:39,Aracaju,Pesquisador,4
24/01/2021 20:40:21,Aracaju,Pesquisador,4
08/01/2021 14:27:24,Itabaiana ,Estudante,3
29/01/2021 11:25:22,Salvador,Analista de Sistemas,5
29/01/2021 12:20:23,Belo Horizonte,Especialista em Políticas Públicas e Gestão Governamental,3
24/01/2021 09:09:42,Brejo Santo,Administrador,3
29/01/2021 12:22:57,Belém ,Auxiliar judiciário ,5
29/01/2021 13:09:08,Diamantina,Professora,4
29/01/2021 13:23:36,São Paulo,Técnica em assuntos educacionais,5
29/01/2021 15:53:33,Londrina,Docente,4
29/01/2021 16:22:19,Rio de Janeiro,Pesquisador de Políticas Públicas,3
29/01/2021 16:41:18,Cuiabá,Docente,4
29/01/2021 17:15:29,Rio de Janeiro,Coordenadora de Aperfeiçoamento do Servidor,4
29/01/2021 17:35:34,Rio de Janeiro,Pesquisadora de Políticas Públicas,4
29/01/2021 18:12:27,São Gonçalo,Assistente Executivo,2
29/01/2021 19:09:01,Sao Paulo,pesquisadora,4
27/01/2021 09:31:28,Rio de janeiro,Estudante de Licenciatura em Ciências Sociais,4
29/01/2021 19:30:55,São Paulo,Coordenadora de pesquisa,4
29/01/2021 19:52:54,Belo Horizonte,Especialista em Políticas e Gestão de Saúde/Assessora da Subsecretaria de Regulação em Saúde,5
28/01/2021 17:19:44,Belém,Estatístico,5
29/01/2021 19:54:00,Belo Horizonte,Especialista em Políticas Públicas e Gestão Governamental,5
18/01/2021 19:12:43,Santos,Assistente de Produtos ,5
29/01/2021 21:23:21,Recife,Estudante ,3
29/01/2021 22:20:02,Belém,Pesquisador,4
29/01/2021 22:51:57,GOIÂNIA,Relações Públicas,3
21/01/2021 19:59:27,Currais Novos,Técnico nivel superior,4
29/01/2021 23:48:23,Rio de Janeiro ,Freelancer em comunicação e projetos ,2
Carimbo de data/hora,Cidade onde mora,Cargo,Classifique de 1 (nenhuma) a 5 (cotidiana) sua familiaridade com o trabalho com dados?